CREATE DATABASE CSE_7A_158
USE CSE_7A_158

CREATE TABLE DEPOSIT 
( 
	ACTNO	INT,
	CNAME	VARCHAR(50), 
	BNAME	VARCHAR(50), 
	AMOUNT	DECIMAL(8,2), 
	ADATE	DATETIME 
)

INSERT INTO DEPOSIT(ACTNO,CNAME,BNAME,AMOUNT,ADATE) VALUES (101,'ANIL','VRCE',1000,'1995-03-01')
INSERT INTO DEPOSIT(ACTNO,CNAME,BNAME,AMOUNT,ADATE) VALUES (102,'SUNIL','AJNI',5000,'1996-01-04')
INSERT INTO DEPOSIT(ACTNO,CNAME,BNAME,AMOUNT,ADATE) VALUES (103,'MEHUL','KAROLBAGH',3500,'1995-11-17')
INSERT INTO DEPOSIT(ACTNO,CNAME,BNAME,AMOUNT,ADATE) VALUES (104,'MADDHURI','CHANDI',1200,'1995-12-17')
INSERT INTO DEPOSIT(ACTNO,CNAME,BNAME,AMOUNT,ADATE) VALUES (105,'PRMOD','M.G.ROAD',3000,'1996-03-27')
INSERT INTO DEPOSIT(ACTNO,CNAME,BNAME,AMOUNT,ADATE) VALUES (106,'SANDIP','ANDHERI',2000,'1996-03-31')
INSERT INTO DEPOSIT(ACTNO,CNAME,BNAME,AMOUNT,ADATE) VALUES (107,'SHIVANI','VIRAR',1000,'1995-09-05')
INSERT INTO DEPOSIT(ACTNO,CNAME,BNAME,AMOUNT,ADATE) VALUES (108,'KRANTI','NEHRU PLACE',5000,'1995-07-02')
INSERT INTO DEPOSIT(ACTNO,CNAME,BNAME,AMOUNT,ADATE) VALUES (109,'MINU','POWAI',7000,'1995-08-10')

CREATE TABLE BRANCH 
( 
	BNAME	VARCHAR(50), 
	CITY	VARCHAR(50)
)

INSERT INTO BRANCH(BNAME,CITY) VALUES ('VRCE','NAGPUR')
INSERT INTO BRANCH(BNAME,CITY) VALUES ('AJNI','NAGPUR')
INSERT INTO BRANCH(BNAME,CITY) VALUES ('KAROLBAGH','DELHI')
INSERT INTO BRANCH(BNAME,CITY) VALUES ('CHANDI','DELHI')
INSERT INTO BRANCH(BNAME,CITY) VALUES('DHARMPRIT','NAGPUR')
INSERT INTO BRANCH(BNAME,CITY) VALUES('M.G.ROAD','BANGLORE')
INSERT INTO BRANCH(BNAME,CITY) VALUES('ANDHERI','BOMBAY')
INSERT INTO BRANCH(BNAME,CITY) VALUES('VIRAR','BOMBAY')
INSERT INTO BRANCH(BNAME,CITY) VALUES('NEHRU PLACE','DELHI')
INSERT INTO BRANCH(BNAME,CITY) VALUES('POWAI','BOMBAY')

CREATE TABLE CUSTOMERS 
(
	CNAME	VARCHAR(50),
	CITY	VARCHAR(50)
)

INSERT INTO CUSTOMERS(CNAME, CITY) VALUES('ANIL', 'CALCUTTA')
INSERT INTO CUSTOMERS(CNAME, CITY) VALUES('SUNIL', 'DELHI')
INSERT INTO CUSTOMERS(CNAME, CITY) VALUES('MEHUL', 'BARODA')
INSERT INTO CUSTOMERS(CNAME, CITY) VALUES('MANDAR', 'PATNA')
INSERT INTO CUSTOMERS(CNAME, CITY) VALUES('MADHURI', 'NAGPUR')
INSERT INTO CUSTOMERS(CNAME, CITY) VALUES('PRAMOD', 'NAGPUR')
INSERT INTO CUSTOMERS(CNAME, CITY) VALUES('SANDIP', 'SURAT')
INSERT INTO CUSTOMERS(CNAME, CITY) VALUES('SHIVANI', 'BOMBAY')
INSERT INTO CUSTOMERS(CNAME, CITY) VALUES('KRANTI', 'BOMBAY')
INSERT INTO CUSTOMERS(CNAME, CITY) VALUES('NAREN', 'BOMBAY')

CREATE TABLE BORROW 
(
	LOANNO	INT,
	CNAME	VARCHAR(50),
	BNAME	VARCHAR(50),
	AMOUNT	DECIMAL(8,2)
)

INSERT INTO BORROW(LOANNO, CNAME, BNAME, AMOUNT) VALUES(201, 'ANIL', 'VRCE', 1000)
INSERT INTO BORROW(LOANNO, CNAME, BNAME, AMOUNT) VALUES(206, 'MEHUL', 'AJNI', 5000)
INSERT INTO BORROW(LOANNO, CNAME, BNAME, AMOUNT) VALUES(311, 'SUNIL', 'DHARAMPETH', 3000)
INSERT INTO BORROW(LOANNO, CNAME, BNAME, AMOUNT) VALUES(321, 'MADHURI', 'ANDHERI', 2000)
INSERT INTO BORROW(LOANNO, CNAME, BNAME, AMOUNT) VALUES(375, 'PRMOD', 'VIRAR', 8000)
INSERT INTO BORROW(LOANNO, CNAME, BNAME, AMOUNT) VALUES(481, 'KRANTI', 'NEHRU PLACE', 3000)

SELECT * FROM DEPOSIT
SELECT * FROM BRANCH
SELECT * FROM CUSTOMERS
SELECT * FROM BORROW